{
    "StageEditorConfig": {
        "gridColor": [
            0.46666666865348816,
            0.46666666865348816,
            0.46666666865348816,
            0.5
        ],
        "soundVolume": {
            "bgm": 50,
            "se": 100
        }
    }
}